{
  "leftEye": {
    "ellipseMinorAxis": 0.24494899809360505,
    "ellipseMajorAxis": 0.3099985122680664,
    "screenForward": {
      "x": 0.4527883231639862,
      "y": -0.35415470600128176,
      "z": 0.8182647228240967
    },
    "screenPosition": {
      "x": -0.07236432284116745,
      "y": -0.007925079204142094,
      "z": 0.020151646807789804
    },
    "eyePosition": {
      "x": -0.03200000151991844,
      "y": -3.570478130226351e-16,
      "z": 5.684342817817044e-17
    },
    "eyeRotation": {
      "x": 7.395533370627759e-32,
      "y": 1.7763568394002506e-15,
      "z": 1.1241009818395605e-14,
      "w": 1.0
    },
    "cameraProjection": {
      "x": -0.699999988079071,
      "y": 0.699999988079071,
      "z": 0.30000001192092898,
      "w": -1.399999976158142
    },
    "sphereToWorldSpace": {
      "e00": 0.05101080238819122,
      "e01": 0.06071346998214722,
      "e02": 0.29330453276634219,
      "e03": -0.11615147441625595,
      "e10": 0.0,
      "e11": 0.23695310950279237,
      "e12": -0.07855913043022156,
      "e13": 0.024074377492070199,
      "e20": -0.23957861959934236,
      "e21": 0.012927045114338398,
      "e22": 0.062450066208839419,
      "e23": -0.055228348821401599,
      "e30": 0.0,
      "e31": 0.0,
      "e32": 0.0,
      "e33": 1.0
    },
    "worldToScreenSpace": {
      "e00": 3.0824592113494875,
      "e01": 14.159965515136719,
      "e02": 4.422916889190674,
      "e03": 0.24614988267421723,
      "e10": -14.6144437789917,
      "e11": 0.5773581266403198,
      "e12": 8.336816787719727,
      "e13": -1.2209893465042115,
      "e20": 0.4527883231639862,
      "e21": -0.35415470600128176,
      "e22": 0.8182647228240967,
      "e23": 0.01346963457763195,
      "e30": 0.0,
      "e31": 0.0,
      "e32": 0.0,
      "e33": 1.0
    }
  },
  "rightEye": {
    "ellipseMinorAxis": 0.24494899809360505,
    "ellipseMajorAxis": 0.3099985122680664,
    "screenForward": {
      "x": -0.45278650522232058,
      "y": -0.35415470600128176,
      "z": 0.8182657361030579
    },
    "screenPosition": {
      "x": 0.07230428606271744,
      "y": -0.007896728813648224,
      "z": 0.02013065665960312
    },
    "eyePosition": {
      "x": 0.03200000151991844,
      "y": 3.570478130226351e-16,
      "z": -5.684342817817044e-17
    },
    "eyeRotation": {
      "x": 7.395533370627759e-32,
      "y": 1.7763568394002506e-15,
      "z": 1.1241009818395605e-14,
      "w": 1.0
    },
    "cameraProjection": {
      "x": -0.699999988079071,
      "y": 0.699999988079071,
      "z": 0.30000001192092898,
      "w": -1.399999976158142
    },
    "sphereToWorldSpace": {
      "e00": 0.05101081356406212,
      "e01": -0.06071343272924423,
      "e02": -0.29330453276634219,
      "e03": 0.11615147441625595,
      "e10": 1.8250122524321455e-9,
      "e11": 0.23695312440395356,
      "e12": -0.07855908572673798,
      "e13": 0.024074362590909005,
      "e20": 0.23957861959934236,
      "e21": 0.012927037663757801,
      "e22": 0.062450066208839419,
      "e23": -0.055228348821401599,
      "e30": 0.0,
      "e31": 0.0,
      "e32": 0.0,
      "e33": 1.0
    },
    "worldToScreenSpace": {
      "e00": -3.074497938156128,
      "e01": 14.1602783203125,
      "e02": 4.427458763122559,
      "e03": 0.24499160051345826,
      "e10": -14.616531372070313,
      "e11": -0.5678478479385376,
      "e12": -8.333812713623047,
      "e13": 1.2201188802719117,
      "e20": -0.45278650522232058,
      "e21": -0.35415470600128176,
      "e22": 0.8182657361030579,
      "e23": 0.013469517230987549,
      "e30": 0.0,
      "e31": 0.0,
      "e32": 0.0,
      "e33": 1.0
    }
  },
  "leapTracker": {
    "name": "Leap Odometry Origin",
    "serial": "",
    "localPose": {
      "position": {
        "x": 0.0,
        "y": 0.039777886122465137,
        "z": 0.0804821103811264
      },
      "rotation": {
        "x": 0.18853022158145905,
        "y": 0.014283029362559319,
        "z": -0.0027422539424151184,
        "w": 0.9819597005844116
      }
    }
  }
}