{
  "leftEye": {
    "ellipseMinorAxis": 0.24494899809360505,
    "ellipseMajorAxis": 0.3099985122680664,
    "screenForward": {
      "x": 0.46816718578338625,
      "y": -0.3460516929626465,
      "z": 0.8130607604980469
    },
    "screenPosition": {
      "x": -0.07319024950265885,
      "y": -0.007473830599337816,
      "z": 0.019084054976701738
    },
    "eyePosition": {
      "x": -0.029943088069558145,
      "y": -0.009616165421903134,
      "z": -0.004279683344066143
    },
    "eyeRotation": {
      "x": 7.395533370627759e-32,
      "y": 1.7763568394002506e-15,
      "z": 1.1241009818395605e-14,
      "w": 1.0
    },
    "cameraProjection": {
      "x": -0.699999988079071,
      "y": 0.699999988079071,
      "z": 0.30000001192092898,
      "w": -1.399999976158142
    },
    "sphereToWorldSpace": {
      "e00": 0.05101080238819122,
      "e01": 0.06071346998214722,
      "e02": 0.29330453276634219,
      "e03": -0.1131112203001976,
      "e10": 0.0,
      "e11": 0.23695310950279237,
      "e12": -0.07855913043022156,
      "e13": 0.02352340705692768,
      "e20": -0.23957861959934236,
      "e21": 0.012927045114338398,
      "e22": 0.062450066208839419,
      "e23": -0.055397968739271167,
      "e30": 0.0,
      "e31": 0.0,
      "e32": 0.0,
      "e33": 1.0
    },
    "worldToScreenSpace": {
      "e00": 3.0702245235443117,
      "e01": 14.206830024719239,
      "e02": 4.278792381286621,
      "e03": 0.24923326075077058,
      "e10": -14.479668617248536,
      "e11": 0.5478768348693848,
      "e12": 8.570696830749512,
      "e13": -1.219239592552185,
      "e20": 0.46816712617874148,
      "e21": -0.3460516333580017,
      "e22": 0.8130608201026917,
      "e23": 0.016162438318133355,
      "e30": 0.0,
      "e31": 0.0,
      "e32": 0.0,
      "e33": 1.0
    }
  },
  "rightEye": {
    "ellipseMinorAxis": 0.24494899809360505,
    "ellipseMajorAxis": 0.3099985122680664,
    "screenForward": {
      "x": -0.4275720715522766,
      "y": -0.34275805950164797,
      "z": 0.8364801406860352
    },
    "screenPosition": {
      "x": 0.07376506179571152,
      "y": -0.007928010076284409,
      "z": 0.019946346059441568
    },
    "eyePosition": {
      "x": 0.029943088069558145,
      "y": -0.009616165421903134,
      "z": -0.004279683344066143
    },
    "eyeRotation": {
      "x": 7.395533370627759e-32,
      "y": 1.7763568394002506e-15,
      "z": 1.1241009818395605e-14,
      "w": 1.0
    },
    "cameraProjection": {
      "x": -0.699999988079071,
      "y": 0.699999988079071,
      "z": 0.30000001192092898,
      "w": -1.399999976158142
    },
    "sphereToWorldSpace": {
      "e00": 0.05101081356406212,
      "e01": -0.060713451355695727,
      "e02": -0.29330453276634219,
      "e03": 0.1175563633441925,
      "e10": 0.0,
      "e11": 0.23695312440395356,
      "e12": -0.07855910062789917,
      "e13": 0.025068750604987146,
      "e20": 0.23957861959934236,
      "e21": 0.0129270413890481,
      "e22": 0.062450066208839419,
      "e23": -0.0537504144012928,
      "e30": 0.0,
      "e31": 0.0,
      "e32": 0.0,
      "e33": 1.0
    },
    "worldToScreenSpace": {
      "e00": -2.6649258136749269,
      "e01": 14.230130195617676,
      "e02": 4.468777179718018,
      "e03": 0.22025926411151887,
      "e10": -14.927702903747559,
      "e11": -0.35381487011909487,
      "e12": -7.775368690490723,
      "e13": 1.2534281015396119,
      "e20": -0.4275720715522766,
      "e21": -0.34275802969932558,
      "e22": 0.8364801406860352,
      "e23": 0.01213777158409357,
      "e30": 0.0,
      "e31": 0.0,
      "e32": 0.0,
      "e33": 1.0
    }
  },
  "leapTracker": {
    "name": "Leap Odometry Origin",
    "serial": "",
    "localPose": {
      "position": {
        "x": 0.0,
        "y": 0.039777886122465137,
        "z": 0.0804821103811264
      },
      "rotation": {
        "x": 0.2943322956562042,
        "y": -0.008339948020875454,
        "z": 0.002568598836660385,
        "w": 0.9556633234024048
      }
    }
  }
}