{
  "leftEye": {
    "ellipseMinorAxis": 0.24494899809360505,
    "ellipseMajorAxis": 0.3099985122680664,
    "screenForward": {
      "x": 0.4785618484020233,
      "y": -0.34523770213127139,
      "z": 0.807334840297699
    },
    "screenPosition": {
      "x": -0.07284054160118103,
      "y": -0.008219839073717595,
      "z": 0.02003386989235878
    },
    "eyePosition": {
      "x": -0.0300484336912632,
      "y": 0.0018172659911215306,
      "z": 0.0009560186881572008
    },
    "eyeRotation": {
      "x": 7.395533370627759e-32,
      "y": 1.7763568394002506e-15,
      "z": 1.1241009818395605e-14,
      "w": 1.0
    },
    "cameraProjection": {
      "x": -0.699999988079071,
      "y": 0.699999988079071,
      "z": 0.30000001192092898,
      "w": -1.399999976158142
    },
    "sphereToWorldSpace": {
      "e00": 0.05101080238819122,
      "e01": 0.06071346998214722,
      "e02": 0.29330453276634219,
      "e03": -0.11396197229623795,
      "e10": 0.0,
      "e11": 0.23695310950279237,
      "e12": -0.07855913043022156,
      "e13": 0.02488703466951847,
      "e20": -0.23957861959934236,
      "e21": 0.012927045114338398,
      "e22": 0.062450066208839419,
      "e23": -0.054619330912828448,
      "e30": 0.0,
      "e31": 0.0,
      "e32": 0.0,
      "e33": 1.0
    },
    "worldToScreenSpace": {
      "e00": 2.7844078540802,
      "e01": 14.219351768493653,
      "e02": 4.430063724517822,
      "e03": 0.23094727098941804,
      "e10": -14.454673767089844,
      "e11": 0.14210009574890138,
      "e12": 8.629024505615235,
      "e13": -1.2245910167694092,
      "e20": 0.47856181859970095,
      "e21": -0.3452376425266266,
      "e22": 0.807334840297699,
      "e23": 0.015846865251660348,
      "e30": 0.0,
      "e31": 0.0,
      "e32": 0.0,
      "e33": 1.0
    }
  },
  "rightEye": {
    "ellipseMinorAxis": 0.24494899809360505,
    "ellipseMajorAxis": 0.3099985122680664,
    "screenForward": {
      "x": -0.41588467359542849,
      "y": -0.3250159025192261,
      "z": 0.8493553996086121
    },
    "screenPosition": {
      "x": 0.07209021598100662,
      "y": -0.008200784213840962,
      "z": 0.01984226517379284
    },
    "eyePosition": {
      "x": 0.0300484336912632,
      "y": 0.0018172659911215306,
      "z": 0.0009560186881572008
    },
    "eyeRotation": {
      "x": 7.395533370627759e-32,
      "y": 1.7763568394002506e-15,
      "z": 1.1241009818395605e-14,
      "w": 1.0
    },
    "cameraProjection": {
      "x": -0.699999988079071,
      "y": 0.699999988079071,
      "z": 0.30000001192092898,
      "w": -1.399999976158142
    },
    "sphereToWorldSpace": {
      "e00": 0.05101081356406212,
      "e01": -0.060713451355695727,
      "e02": -0.29330453276634219,
      "e03": 0.11510777473449707,
      "e10": 0.0,
      "e11": 0.23695312440395356,
      "e12": -0.07855910062789917,
      "e13": 0.022861076518893243,
      "e20": 0.23957861959934236,
      "e21": 0.0129270413890481,
      "e22": 0.062450066208839419,
      "e23": -0.053346361964941028,
      "e30": 0.0,
      "e31": 0.0,
      "e32": 0.0,
      "e33": 1.0
    },
    "worldToScreenSpace": {
      "e00": -2.50984787940979,
      "e01": 14.324313163757325,
      "e02": 4.2524261474609379,
      "e03": 0.21402829885482789,
      "e10": -15.053934097290039,
      "e11": -0.4035938084125519,
      "e12": -7.525558948516846,
      "e13": 1.2312557697296143,
      "e20": -0.4158846437931061,
      "e21": -0.3250158429145813,
      "e22": 0.8493553996086121,
      "e23": 0.010462695732712746,
      "e30": 0.0,
      "e31": 0.0,
      "e32": 0.0,
      "e33": 1.0
    }
  },
  "leapTracker": {
    "name": "Leap Odometry Origin",
    "serial": "",
    "localPose": {
      "position": {
        "x": 0.0,
        "y": 0.039777886122465137,
        "z": 0.0804821103811264
      },
      "rotation": {
        "x": 0.16277667880058289,
        "y": 0.004305114969611168,
        "z": -0.0007102517411112785,
        "w": 0.9866533279418945
      }
    }
  }
}