{
  "leftEye": {
    "ellipseMinorAxis": 0.24494899809360505,
    "ellipseMajorAxis": 0.3099985122680664,
    "screenForward": {
      "x": 0.44513973593711855,
      "y": -0.37016239762306216,
      "z": 0.8153713345527649
    },
    "screenPosition": {
      "x": -0.067561574280262,
      "y": -0.010339226573705674,
      "z": 0.020795226097106935
    },
    "eyePosition": {
      "x": -0.03200000151991844,
      "y": 0.0,
      "z": 0.0
    },
    "eyeRotation": {
      "x": 0.0,
      "y": 1.7763568394002506e-15,
      "z": 1.1241008971362658e-14,
      "w": 1.0
    },
    "cameraProjection": {
      "x": -0.699999988079071,
      "y": 0.699999988079071,
      "z": 0.30000001192092898,
      "w": -1.399999976158142
    },
    "sphereToWorldSpace": {
      "e00": 0.05101080238819122,
      "e01": 0.06071346998214722,
      "e02": 0.29330453276634219,
      "e03": -0.1088024154305458,
      "e10": 0.0,
      "e11": 0.23695310950279237,
      "e12": -0.07855913043022156,
      "e13": 0.01975279301404953,
      "e20": -0.23957861959934236,
      "e21": 0.012927045114338398,
      "e22": 0.062450066208839419,
      "e23": -0.05342962592840195,
      "e30": 0.0,
      "e31": 0.0,
      "e32": 0.0,
      "e33": 1.0
    },
    "worldToScreenSpace": {
      "e00": 3.08131742477417,
      "e01": 14.069047927856446,
      "e02": 4.704868316650391,
      "e03": 0.25580304861068728,
      "e10": -14.681184768676758,
      "e11": 0.464550256729126,
      "e12": 8.225866317749024,
      "e13": -1.1581395864486695,
      "e20": 0.44513964653015139,
      "e21": -0.37016236782073977,
      "e22": 0.8153713941574097,
      "e23": 0.009291313588619233,
      "e30": 0.0,
      "e31": 0.0,
      "e32": 0.0,
      "e33": 1.0
    }
  },
  "rightEye": {
    "ellipseMinorAxis": 0.24494899809360505,
    "ellipseMajorAxis": 0.3099985122680664,
    "screenForward": {
      "x": -0.38592904806137087,
      "y": -0.3437398374080658,
      "z": 0.8560968041419983
    },
    "screenPosition": {
      "x": 0.0725058913230896,
      "y": -0.009055420756340027,
      "z": 0.02057446539402008
    },
    "eyePosition": {
      "x": 0.03200000151991844,
      "y": 0.0,
      "z": 0.0
    },
    "eyeRotation": {
      "x": 0.0,
      "y": 1.7763568394002506e-15,
      "z": 1.1241008971362658e-14,
      "w": 1.0
    },
    "cameraProjection": {
      "x": -0.699999988079071,
      "y": 0.699999988079071,
      "z": 0.30000001192092898,
      "w": -1.399999976158142
    },
    "sphereToWorldSpace": {
      "e00": 0.05101081356406212,
      "e01": -0.060713447630405429,
      "e02": -0.29330453276634219,
      "e03": 0.113982655107975,
      "e10": 0.0,
      "e11": 0.23695312440395356,
      "e12": -0.07855910062789917,
      "e13": 0.02328972890973091,
      "e20": 0.23957861959934236,
      "e21": 0.01292703952640295,
      "e22": 0.062450066208839419,
      "e23": -0.053610481321811679,
      "e30": 0.0,
      "e31": 0.0,
      "e32": 0.0,
      "e33": 1.0
    },
    "worldToScreenSpace": {
      "e00": -2.640489339828491,
      "e01": 14.218877792358399,
      "e02": 4.518825531005859,
      "e03": 0.22723674774169923,
      "e10": -15.251152038574219,
      "e11": -0.5739657878875732,
      "e12": -7.105688095092773,
      "e13": 1.2467964887619019,
      "e20": -0.38592901825904848,
      "e21": -0.34373974800109866,
      "e22": 0.8560968637466431,
      "e23": 0.007255684584379196,
      "e30": 0.0,
      "e31": 0.0,
      "e32": 0.0,
      "e33": 1.0
    }
  },
  "leapTracker": {
    "name": "Leap Odometry Origin",
    "serial": "",
    "localPose": {
      "position": {
        "x": 0.0,
        "y": 0.039777886122465137,
        "z": 0.0804821103811264
      },
      "rotation": {
        "x": 0.27482354640960696,
        "y": 0.0,
        "z": 0.0,
        "w": 0.9614946842193604
      }
    }
  }
}