{
  "leftEye": {
    "ellipseMinorAxis": 0.24494899809360505,
    "ellipseMajorAxis": 0.3099985122680664,
    "screenForward": {
      "x": 0.3567570447921753,
      "y": -0.3803349435329437,
      "z": 0.8532700538635254
    },
    "screenPosition": {
      "x": -0.07527529448270798,
      "y": -0.006967619527131319,
      "z": 0.019147839397192
    },
    "eyePosition": {
      "x": -0.03200000151991844,
      "y": 0.0,
      "z": 0.0
    },
    "eyeRotation": {
      "x": 0.0,
      "y": 8.881784197001253e-16,
      "z": 5.662137425588298e-15,
      "w": 1.0
    },
    "cameraProjection": {
      "x": -0.699999988079071,
      "y": 0.699999988079071,
      "z": 0.30000001192092898,
      "w": -1.399999976158142
    },
    "sphereToWorldSpace": {
      "e00": 0.05101082846522331,
      "e01": 0.06071348860859871,
      "e02": 0.2933045029640198,
      "e03": -0.11429867148399353,
      "e10": -3.650024504864291e-9,
      "e11": 0.23695310950279237,
      "e12": -0.07855914533138275,
      "e13": 0.023123931139707567,
      "e20": -0.23957860469818116,
      "e21": 0.012927056290209294,
      "e22": 0.0624501034617424,
      "e23": -0.0526796393096447,
      "e30": 0.0,
      "e31": 0.0,
      "e32": 0.0,
      "e33": 1.0
    },
    "worldToScreenSpace": {
      "e00": 2.9961771965026857,
      "e01": 13.991212844848633,
      "e02": 4.983697414398193,
      "e03": 0.22759652137756349,
      "e10": -15.370843887329102,
      "e11": 0.8650882244110107,
      "e12": 6.812240123748779,
      "e13": -1.2814568281173707,
      "e20": 0.3567570745944977,
      "e21": -0.3803350031375885,
      "e22": 0.8532701730728149,
      "e23": 0.007866684347391129,
      "e30": 0.0,
      "e31": 0.0,
      "e32": 0.0,
      "e33": 1.0
    }
  },
  "rightEye": {
    "ellipseMinorAxis": 0.24494899809360505,
    "ellipseMajorAxis": 0.3099985122680664,
    "screenForward": {
      "x": -0.32988235354423525,
      "y": -0.3697720170021057,
      "z": 0.8685886859893799
    },
    "screenPosition": {
      "x": 0.07364901155233383,
      "y": -0.008023079484701157,
      "z": 0.019758356735110284
    },
    "eyePosition": {
      "x": 0.03200000151991844,
      "y": 0.0,
      "z": 0.0
    },
    "eyeRotation": {
      "x": 0.0,
      "y": 8.881784197001253e-16,
      "z": 5.662137425588298e-15,
      "w": 1.0
    },
    "cameraProjection": {
      "x": -0.699999988079071,
      "y": 0.699999988079071,
      "z": 0.30000001192092898,
      "w": -1.399999976158142
    },
    "sphereToWorldSpace": {
      "e00": 0.05101081356406212,
      "e01": -0.060713447630405429,
      "e02": -0.29330453276634219,
      "e03": 0.11515451222658158,
      "e10": 1.8250122524321455e-9,
      "e11": 0.23695312440395356,
      "e12": -0.07855909317731857,
      "e13": 0.023254800587892534,
      "e20": 0.23957861959934236,
      "e21": 0.012927036732435227,
      "e22": 0.062450066208839419,
      "e23": -0.05237884074449539,
      "e30": 0.0,
      "e31": 0.0,
      "e32": 0.0,
      "e33": 1.0
    },
    "worldToScreenSpace": {
      "e00": -2.7573435306549074,
      "e01": 14.05673885345459,
      "e02": 4.936963081359863,
      "e03": 0.21830768883228303,
      "e10": -15.59453296661377,
      "e11": -0.8515359163284302,
      "e12": -6.285177230834961,
      "e13": 1.2658747434616089,
      "e20": -0.3298823833465576,
      "e21": -0.3697720468044281,
      "e22": 0.8685888051986694,
      "e23": 0.004166912287473679,
      "e30": 0.0,
      "e31": 0.0,
      "e32": 0.0,
      "e33": 1.0
    }
  },
  "leapTracker": {
    "name": "Leap Provider",
    "serial": "",
    "localPose": {
      "position": {
        "x": 0.0,
        "y": 0.033981744199991229,
        "z": 0.07902515679597855
      },
      "rotation": {
        "x": 0.2914135158061981,
        "y": -0.015859976410865785,
        "z": 0.004832238424569368,
        "w": 0.9564535021781921
      }
    }
  }
}