{
  "leftEye": {
    "ellipseMinorAxis": 0.24494899809360505,
    "ellipseMajorAxis": 0.3099985122680664,
    "screenForward": {
      "x": 0.43372055888175967,
      "y": -0.3752792477607727,
      "z": 0.8191776275634766
    },
    "screenPosition": {
      "x": -0.06998784095048905,
      "y": -0.008319597691297531,
      "z": 0.020032938569784166
    },
    "eyePosition": {
      "x": -0.03200000151991844,
      "y": 0.0,
      "z": 0.0
    },
    "eyeRotation": {
      "x": 0.0,
      "y": 1.7763568394002506e-15,
      "z": 1.1241008971362658e-14,
      "w": 1.0
    },
    "cameraProjection": {
      "x": -0.699999988079071,
      "y": 0.699999988079071,
      "z": 0.30000001192092898,
      "w": -1.399999976158142
    },
    "sphereToWorldSpace": {
      "e00": 0.051010843366384509,
      "e01": 0.06071345508098602,
      "e02": 0.2933045029640198,
      "e03": -0.11172870546579361,
      "e10": -1.8250122524321455e-9,
      "e11": 0.23695310950279237,
      "e12": -0.07855910807847977,
      "e13": 0.022635702043771745,
      "e20": -0.23957860469818116,
      "e21": 0.012927050702273846,
      "e22": 0.0624501034617424,
      "e23": -0.0534629225730896,
      "e30": 0.0,
      "e31": 0.0,
      "e32": 0.0,
      "e33": 1.0
    },
    "worldToScreenSpace": {
      "e00": 3.0360567569732668,
      "e01": 14.038564682006836,
      "e02": 4.82383918762207,
      "e03": 0.23264670372009278,
      "e10": -14.78929615020752,
      "e11": 0.43874621391296389,
      "e12": 8.031316757202149,
      "e13": -1.1923115253448487,
      "e20": 0.43372055888175967,
      "e21": -0.37527918815612795,
      "e22": 0.8191776275634766,
      "e23": 0.010822456330060959,
      "e30": 0.0,
      "e31": 0.0,
      "e32": 0.0,
      "e33": 1.0
    }
  },
  "rightEye": {
    "ellipseMinorAxis": 0.24494899809360505,
    "ellipseMajorAxis": 0.3099985122680664,
    "screenForward": {
      "x": -0.375954806804657,
      "y": -0.3981003761291504,
      "z": 0.8367640376091003
    },
    "screenPosition": {
      "x": 0.06978482007980347,
      "y": -0.011309567838907242,
      "z": 0.023201100528240205
    },
    "eyePosition": {
      "x": 0.03200000151991844,
      "y": 0.0,
      "z": 0.0
    },
    "eyeRotation": {
      "x": 0.0,
      "y": 1.7763568394002506e-15,
      "z": 1.1241008971362658e-14,
      "w": 1.0
    },
    "cameraProjection": {
      "x": -0.699999988079071,
      "y": 0.699999988079071,
      "z": 0.30000001192092898,
      "w": -1.399999976158142
    },
    "sphereToWorldSpace": {
      "e00": 0.05101081356406212,
      "e01": -0.06071343645453453,
      "e02": -0.29330453276634219,
      "e03": 0.1094161793589592,
      "e10": 3.650024504864291e-9,
      "e11": 0.23695312440395356,
      "e12": -0.07855908572673798,
      "e13": 0.02095302753150463,
      "e20": 0.23957861959934236,
      "e21": 0.012927034869790078,
      "e22": 0.062450066208839419,
      "e23": -0.051034703850746158,
      "e30": 0.0,
      "e31": 0.0,
      "e32": 0.0,
      "e33": 1.0
    },
    "worldToScreenSpace": {
      "e00": -3.091362714767456,
      "e01": 13.885042190551758,
      "e02": 5.217035293579102,
      "e03": 0.25172317028045657,
      "e10": -15.217122077941895,
      "e11": -0.6948580741882324,
      "e12": -7.167580604553223,
      "e13": 1.2203614711761475,
      "e20": -0.375954806804657,
      "e21": -0.3981004059314728,
      "e22": 0.8367640972137451,
      "e23": 0.002319756895303726,
      "e30": 0.0,
      "e31": 0.0,
      "e32": 0.0,
      "e33": 1.0
    }
  },
  "leapTracker": {
    "name": "Leap Odometry Origin",
    "serial": "",
    "localPose": {
      "position": {
        "x": 0.0,
        "y": 0.039777886122465137,
        "z": 0.0804821103811264
      },
      "rotation": {
        "x": 0.27482354640960696,
        "y": 0.0,
        "z": 0.0,
        "w": 0.9614946842193604
      }
    }
  }
}