{
  "leftEye": {
    "ellipseMinorAxis": 0.24494899809360505,
    "ellipseMajorAxis": 0.3099985122680664,
    "screenForward": {
      "x": 0.4337860643863678,
      "y": -0.377392441034317,
      "z": 0.8181715607643127
    },
    "screenPosition": {
      "x": -0.06996046751737595,
      "y": -0.006913404446095228,
      "z": 0.022672239691019059
    },
    "eyePosition": {
      "x": -0.029943088069558145,
      "y": -0.014616160653531552,
      "z": -0.004279683344066143
    },
    "eyeRotation": {
      "x": 7.395533370627759e-32,
      "y": 1.7763568394002506e-15,
      "z": 1.1241009818395605e-14,
      "w": 1.0
    },
    "cameraProjection": {
      "x": -0.699999988079071,
      "y": 0.699999988079071,
      "z": 0.30000001192092898,
      "w": -1.399999976158142
    },
    "sphereToWorldSpace": {
      "e00": 0.05101080238819122,
      "e01": 0.06071346998214722,
      "e02": 0.29330453276634219,
      "e03": -0.11354824155569077,
      "e10": 0.0,
      "e11": 0.23695310950279237,
      "e12": -0.07855913043022156,
      "e13": 0.026532145217061044,
      "e20": -0.23957861959934236,
      "e21": 0.012927045114338398,
      "e22": 0.062450066208839419,
      "e23": -0.05123317614197731,
      "e30": 0.0,
      "e31": 0.0,
      "e32": 0.0,
      "e33": 1.0
    },
    "worldToScreenSpace": {
      "e00": 2.4511146545410158,
      "e01": 14.029095649719239,
      "e02": 5.171549320220947,
      "e03": 0.15121935307979585,
      "e10": -14.922122955322266,
      "e11": -0.264348566532135,
      "e12": 7.789618492126465,
      "e13": -1.222394347190857,
      "e20": 0.433786004781723,
      "e21": -0.37739241123199465,
      "e22": 0.818171501159668,
      "e23": 0.009189022704958916,
      "e30": 0.0,
      "e31": 0.0,
      "e32": 0.0,
      "e33": 1.0
    }
  },
  "rightEye": {
    "ellipseMinorAxis": 0.24494899809360505,
    "ellipseMajorAxis": 0.3099985122680664,
    "screenForward": {
      "x": -0.4265974760055542,
      "y": -0.31818243861198428,
      "z": 0.8466253876686096
    },
    "screenPosition": {
      "x": 0.07427826523780823,
      "y": -0.004801498726010323,
      "z": 0.021409662440419198
    },
    "eyePosition": {
      "x": 0.029943088069558145,
      "y": -0.014616160653531552,
      "z": -0.004279683344066143
    },
    "eyeRotation": {
      "x": 7.395533370627759e-32,
      "y": 1.7763568394002506e-15,
      "z": 1.1241009818395605e-14,
      "w": 1.0
    },
    "cameraProjection": {
      "x": -0.699999988079071,
      "y": 0.699999988079071,
      "z": 0.30000001192092898,
      "w": -1.399999976158142
    },
    "sphereToWorldSpace": {
      "e00": 0.05101081356406212,
      "e01": -0.060713447630405429,
      "e02": -0.29330453276634219,
      "e03": 0.11633598059415817,
      "e10": 0.0,
      "e11": 0.23695312440395356,
      "e12": -0.07855910062789917,
      "e13": 0.02741648256778717,
      "e20": 0.23957861959934236,
      "e21": 0.01292703952640295,
      "e22": 0.062450066208839419,
      "e23": -0.05330237001180649,
      "e30": 0.0,
      "e31": 0.0,
      "e32": 0.0,
      "e33": 1.0
    },
    "worldToScreenSpace": {
      "e00": -2.5968611240386965,
      "e01": 14.3568754196167,
      "e02": 4.087156295776367,
      "e03": 0.17432023584842683,
      "e10": -14.950397491455079,
      "e11": -0.5055538415908814,
      "e12": -7.723203659057617,
      "e13": 1.2734134197235108,
      "e20": -0.4265974760055542,
      "e21": -0.3181823790073395,
      "e22": 0.8466253876686096,
      "e23": 0.012033207342028618,
      "e30": 0.0,
      "e31": 0.0,
      "e32": 0.0,
      "e33": 1.0
    }
  },
  "leapTracker": {
    "name": "Leap Odometry Origin",
    "serial": "",
    "localPose": {
      "position": {
        "x": 0.0,
        "y": 0.039777886122465137,
        "z": 0.0804821103811264
      },
      "rotation": {
        "x": 0.27482354640960696,
        "y": 0.0,
        "z": 0.0,
        "w": 0.9614946842193604
      }
    }
  }
}