{
  "leftEye": {
    "ellipseMinorAxis": 0.24494899809360505,
    "ellipseMajorAxis": 0.3099985122680664,
    "screenForward": {
      "x": 0.4527883529663086,
      "y": -0.3541547656059265,
      "z": 0.8182647228240967
    },
    "screenPosition": {
      "x": -0.07583671808242798,
      "y": -0.0077878981828689579,
      "z": 0.022132478654384614
    },
    "eyePosition": {
      "x": -0.03200000151991844,
      "y": -0.002583347260951996,
      "z": -0.004999995231628418
    },
    "eyeRotation": {
      "x": 0.0,
      "y": 1.7763568394002506e-15,
      "z": 1.1241008971362658e-14,
      "w": 1.0
    },
    "cameraProjection": {
      "x": -0.699999988079071,
      "y": 0.699999988079071,
      "z": 0.30000001192092898,
      "w": -1.399999976158142
    },
    "sphereToWorldSpace": {
      "e00": 0.05101081356406212,
      "e01": 0.06071346253156662,
      "e02": 0.29330453276634219,
      "e03": -0.11615147441625595,
      "e10": 3.650024504864291e-9,
      "e11": 0.23695310950279237,
      "e12": -0.07855912297964096,
      "e13": 0.024074379354715349,
      "e20": -0.23957861959934236,
      "e21": 0.012927046976983548,
      "e22": 0.062450066208839419,
      "e23": -0.055228341370821,
      "e30": 0.0,
      "e31": 0.0,
      "e32": 0.0,
      "e33": 1.0
    },
    "worldToScreenSpace": {
      "e00": 3.0824592113494875,
      "e01": 14.159965515136719,
      "e02": 4.422916889190674,
      "e03": 0.24614989757537843,
      "e10": -14.6144437789917,
      "e11": 0.5773580074310303,
      "e12": 8.336816787719727,
      "e13": -1.2883293628692628,
      "e20": 0.4527883231639862,
      "e21": -0.35415470600128176,
      "e22": 0.8182647228240967,
      "e23": 0.013469632714986802,
      "e30": 0.0,
      "e31": 0.0,
      "e32": 0.0,
      "e33": 1.0
    }
  },
  "rightEye": {
    "ellipseMinorAxis": 0.24494899809360505,
    "ellipseMajorAxis": 0.3099985122680664,
    "screenForward": {
      "x": -0.45278650522232058,
      "y": -0.3541547656059265,
      "z": 0.8182657361030579
    },
    "screenPosition": {
      "x": 0.06883139908313751,
      "y": -0.008031647652387619,
      "z": 0.01815054565668106
    },
    "eyePosition": {
      "x": 0.03200000151991844,
      "y": -0.002583347260951996,
      "z": -0.004999995231628418
    },
    "eyeRotation": {
      "x": 0.0,
      "y": 1.7763568394002506e-15,
      "z": 1.1241008971362658e-14,
      "w": 1.0
    },
    "cameraProjection": {
      "x": -0.699999988079071,
      "y": 0.699999988079071,
      "z": 0.30000001192092898,
      "w": -1.399999976158142
    },
    "sphereToWorldSpace": {
      "e00": 0.05101081356406212,
      "e01": -0.060713451355695727,
      "e02": -0.29330453276634219,
      "e03": 0.11615147441625595,
      "e10": 0.0,
      "e11": 0.23695312440395356,
      "e12": -0.07855910062789917,
      "e13": 0.02407437562942505,
      "e20": 0.23957861959934236,
      "e21": 0.0129270413890481,
      "e22": 0.062450066208839419,
      "e23": -0.0552283339202404,
      "e30": 0.0,
      "e31": 0.0,
      "e32": 0.0,
      "e33": 1.0
    },
    "worldToScreenSpace": {
      "e00": -3.074497938156128,
      "e01": 14.1602783203125,
      "e02": 4.4274582862854,
      "e03": 0.24499177932739259,
      "e10": -14.616531372070313,
      "e11": -0.5678479671478272,
      "e12": -8.333812713623047,
      "e13": 1.1527788639068604,
      "e20": -0.45278650522232058,
      "e21": -0.3541547358036041,
      "e22": 0.8182657957077026,
      "e23": 0.01346951350569725,
      "e30": 0.0,
      "e31": 0.0,
      "e32": 0.0,
      "e33": 1.0
    }
  },
  "leapTracker": {
    "name": "Leap Odometry Origin",
    "serial": "",
    "localPose": {
      "position": {
        "x": 0.0,
        "y": 0.039777886122465137,
        "z": 0.0804821103811264
      },
      "rotation": {
        "x": 0.27482354640960696,
        "y": 0.0,
        "z": 0.0,
        "w": 0.9614946842193604
      }
    }
  }
}